,x,y,z,Vx,Vy,Vz
0,-57889646635.569916,17572724969.58998,-318392180138.47766,-23914.087546660445,-8928.297793158124,-3568.283244413222
1,2676965010811.553,326691401099.32117,787761637902.0507,701.9957129299437,4600.309525067143,-2827.891325962126
2,-1508710733160.2449,-1770423598365.8364,-1250673312264.7737,1959.382933461588,-7212.248067618896,-1053.155012516913
3,111170196586.33699,132309684476.85706,-484404855800.6773,-13672.902037099777,6783.452235019002,14428.75779339696
4,-1859495058559.1768,1733252388482.6199,-142074728656.05212,2444.690999094136,7887.47247784313,-317.9812589842818
5,1479903570877.719,282792087446.2411,-360463724654.74365,2632.3576025600937,3853.5490303347106,-10012.426086271664
6,1247711979890.3948,-1738447957817.3896,905613499978.1608,955.4171152129659,-4282.0367709697175,-6243.957431473289
7,-608869951740.7708,1751893666325.251,-2701138809276.258,6234.579204615696,1277.9541504052124,-2298.929051897271
8,-512212995569.26385,-151305953785.89038,25502504331.527878,7367.032616059133,17893.24450039212,5230.755242534374
9,-317569937116.5419,362370889421.4434,-23711550337.21562,6957.280637484239,21282.529749273464,3425.775008504197
10,-1131214012689.139,-1022512133814.106,-1833788385533.0642,1548.7182467318694,-4937.274509335597,3040.0868998053543
11,-1028687844783.9648,-393099682079.7818,-1418812143231.167,-4844.9838866282635,-2661.033552839709,5798.640615017021
12,87784080109.0711,421149641855.647,-209932016450.6285,-8293.05258233675,-3552.860746968896,-18549.877170761956
13,-2276797063446.6377,-2066372611915.6877,-229965206084.74924,-4934.477449316803,4158.020895082735,-109.79536807430206
14,1600127926077.7964,311142694917.83344,31532907609.012043,1208.2160179530902,-7427.453862924296,-454.1203721428149
15,793922558769.1145,3088279780799.6084,99677543453.54572,-5780.058130432788,3930.1067766631427,545.1006590065947
16,-938551058706.5864,-272608049823.5489,1809232012040.7295,-6558.345110991371,4104.797469062704,-3907.189801019077
17,-642463989318.1958,-1830526510275.1924,-1627344141104.3237,6351.117905704281,-5382.863705296584,557.739168468765
18,777806833507.6587,-300574837267.43994,535335194077.7532,-5066.394672690906,-4060.785624638843,11950.563449651654
19,1024408295715.404,-889617177345.4508,-24786346972.328903,4237.689634466042,9348.692777679076,-175.2479628296182
20,706895083470.5698,-2411588021400.0156,89342970605.7301,7642.037210464988,242.67539307718926,-1280.9318798307193
21,-38707314811.90619,1054494599180.7913,2772593870576.032,7239.796276267805,1759.0304278570902,-354.11987777598074
22,1476754123590.568,-2157559345199.4197,653373524322.1053,-4339.896472670878,-4453.730885800474,-4654.118588340142
23,411853022980.1736,589357968350.9576,-2794887671832.217,-5893.178764562266,-1360.100228958465,-2094.274068623236
24,300183668057.42053,-2210853567090.895,894849590689.9207,-8058.866701312907,-2692.004306287362,978.7733135367789
25,-600135412355.2139,-1753173453534.931,277553945417.0663,4698.842379199579,-5620.747386768346,-6741.433386145514
26,-2845141374619.745,26015584819.63086,1513805866287.576,2412.7679769628685,-5164.4370650365745,-604.3027477239044
27,-713296094422.213,344806950764.47943,-2189899149683.4998,-8179.795319499531,-923.6188109052771,1398.622858917286
28,-1228892912665.095,-281907320570.77155,373360237047.91534,4251.291103986553,8561.699310103892,1355.5751655315994
29,1126969646864.147,191637433867.6599,812160786232.6636,3431.8169162271074,-10724.106542428313,3487.579072079736
30,858579799657.3951,-379608018390.31,99777117406.58295,1551.4400602849441,11788.728727461752,301.84666925812644
31,-1116490662708.0933,-923670939337.7222,52711076826.53245,6242.195532198956,-10654.666153802114,-122.58521877500253
32,1007813794518.3179,617692908880.1505,3458218968.871132,12248.487685541502,-3211.9841756259793,1344.7468750562914
33,1862276568765.1199,2947085142592.279,1069837561296.1587,-5024.761686539499,3315.728150440636,523.1055319785023
34,-1014000368401.8792,-1615053660901.543,-1276892214958.1584,735.2210087192782,3518.3702600868273,-8124.424827778762
35,313689547284.0237,564315643771.9788,-1778586540141.4927,-1901.7726851914433,9790.729117562878,779.7704801062237
36,507484487879.7657,1599860532529.034,-154962003264.88483,-6084.115051100074,4333.408051664408,-5552.371460619032
37,679103332008.9885,1456603067768.754,-38179141555.0686,4551.482107376885,-579.1113640543954,-9140.271094302485
38,347840964338.4104,-824156764823.7307,425093652013.7843,-534.9860359635926,9715.310718254814,4777.063819743355
39,527041140736.18555,-6970401261.764946,215319187345.79166,-15843.95290769845,-6029.327718206,6844.506648333715
40,-644617024111.0874,2043091020080.4238,-342108783325.82184,-8014.295020344997,443.6052028580923,-1338.3502493073854
41,-1400566778627.5989,414178986104.36176,339970003574.28217,-6571.622923260258,-7243.52354993026,283.42200499144246
42,869999610947.5338,885549212142.9045,1054171340024.4565,-681.8019013514955,-6917.831340049057,9046.651470264589
43,-1665716464971.6191,-242280175694.31195,1086829620518.8468,-3021.069712589427,-8829.136830001062,-3979.798532822724
44,-1163060730366.9238,616473581175.2878,812572647422.6656,3138.004453634284,1818.7062763087874,7251.26661265897
45,511354352722.4269,-164471651852.58673,442025043444.93823,-8940.333828286419,-9821.017881804884,6784.950688020548
46,-451418351641.35474,-1583482626418.809,330648221367.49084,7887.070720282381,-4329.542852568607,3162.6013826406033
47,-1510838896000.2478,857613382633.8633,442868174934.2171,-4857.734582408731,-2604.2492050172327,-2899.443254754651
48,-1167711829308.9863,-1695403576941.2734,276153306651.53687,3470.9745586996332,-3814.0972920832482,7750.472175673769
49,-121001847374.0809,544914421668.7675,1065959439295.1704,4133.163065953549,11450.947560286506,-1607.370199610069
50,-2123155562482.1438,423693329445.55225,-753262403648.3196,691.1836316007546,7735.554913706954,3281.6727635221223
51,-108051147915.22897,789136533907.8353,-1075678532564.9628,3868.07187830242,-4739.002285322302,-9187.495938205964
52,-787152302126.2214,466867480777.05176,1133480643629.1023,-9749.461641384663,-2144.3352683461144,-301.70190674930063
53,-348194732302.139,-536623718186.4409,-396436953853.2329,7792.890649459645,-10344.698342795713,-7593.913799573353
54,-826207186014.1035,-357593414569.5048,-397536315683.20703,3955.5435166493135,-13409.680012122746,998.419475846841
55,706448944208.3153,256180776454.02637,539786898018.98065,-1765.1162170478037,4907.144759823748,-10238.66811114312
56,328891202550.1835,-806971425187.3108,-170370198548.22165,11733.325387637113,835.2940434263795,2252.2153997477853
57,-494537294625.4935,630340986068.8989,-559451910656.2675,-1761.9720275612358,11843.339131982148,9124.67106781092
58,-1540707553016.8125,-825235175321.6912,225384845489.72717,-3946.4644748454934,3263.4911180814192,-9130.848678023123
59,-917212422133.412,-702368899516.3887,175647700049.03036,3176.674436814433,-10807.089212693081,-172.9382233157179
60,-1149166518561.217,-1219529405061.5854,-44800973381.1842,5108.657008905078,-8583.463607943588,-247.13741832818764
61,-1106233223832.8057,2241398777885.503,-847364983370.6387,5570.7307876097275,4363.540938190525,-3210.7117623124427
62,-677139548158.6959,-616981264780.1311,-668027939684.9331,7751.227320400128,-6322.8412921784,3045.4357723648513
63,449204228496.87585,703559446094.5741,-64378608164.523735,9811.325160419483,-9346.320452245443,698.3951236860273
64,658659513170.0565,545876663975.0711,379854408268.502,12472.77034778363,-7690.006112535396,830.7180115188953
65,-693082868948.2701,-1410692439211.9668,1458921505187.7617,-8219.034827101723,1252.3102486430105,-4869.486728953972
66,1869905494406.9897,428399566486.84045,290340007035.1283,2889.0967957110847,-8851.993696852422,2466.9251702991874
67,1042347494828.342,-315006185086.43286,638355487616.3767,-3065.34610744116,-11518.616153487395,-1444.7323662444182
68,368418806944.0375,-674039049826.843,-655653113714.3063,-5297.153757497184,-11081.898326251216,5541.784590105833
69,-593440115488.6133,-463236741042.0469,646649870038.6857,-7410.892579608054,9940.756023284157,6864.871588955101
70,261383193388.57227,570337554691.7703,732752514443.9172,10717.836603281226,-2333.6426462377585,-990.4656772319695
71,2464792447453.7495,1488280005125.3955,-1332524912617.5183,1387.7565243429335,-6764.335673798187,-2339.6199704328105
72,-441089035972.0569,145861821267.0845,-952564820966.2983,7740.904171093202,-9942.061757372112,-6672.569578544656
73,-102535570156.02374,-892849232687.5892,1916347910123.2698,7112.41740575701,-6079.145459946076,-1680.5169518922457
74,-3134898001102.1875,-1728608331047.5547,-1309783721908.7673,3745.3185580464924,-2854.4185799194465,-2848.2078136424198
75,-950060137534.2593,911293566405.339,1102126763585.0757,626.1954613600072,-7009.779682383828,8405.641954504417
76,2925837626457.2896,-50949311369.54321,-7005046251.981951,-29.430538852703876,7324.610393382964,-75.95716824092928
77,-185510227469.3746,-462050301603.7716,1383530112962.3723,-8964.718677850333,4841.8893926172905,680.3463392868343
78,-1713588780487.839,1449415950942.5515,-810766493487.322,-790.7579230295919,6285.9211004264025,6340.6862409213045
79,-2839578490960.4507,-44850427947.07153,-124194909000.92603,100.66189728008783,-6721.617891743963,-2619.880852433185
80,1971085577271.141,-1080447999776.9116,-689996514727.9833,-3361.4030065399907,-2824.6169518831357,-6971.273307938127
81,1545381655106.3281,-353647797866.0208,99557056951.00555,-1200.6664846322433,-10277.474895049201,1009.3381161070897
82,-1741087710351.0884,-1018722335678.1064,-60303674003.58473,5762.679278632655,-7185.579345672959,-569.4052269765759
83,-1982214800718.7769,116404456627.72717,434334809929.09174,-826.6334634256136,-8332.5640336018,4664.552429927222
84,-1220150089078.6765,-1046166581778.2762,149062424814.9879,7053.41674022796,-9170.41342730992,-622.1866796058428
85,-85909937490.46957,-901632359116.7825,-22443108930.775665,13493.206680193221,-2272.969183275744,-1367.1926033698046
86,373998966161.65814,-772482648920.4866,269243886925.75507,8488.144582990553,6162.343135875397,5455.03358410862
87,1642287281434.7732,1179335803604.183,-1021898190285.9441,-7341.371319754973,2475.5146440817543,-3909.119577939384
88,3111551169185.685,-1929097214021.458,1227417240051.9204,2192.3614183824134,-1615.6841382689508,-5135.386696044547
89,598564304148.9236,225183128426.3148,333393163652.7214,-5038.609496278901,15752.928356504737,1608.336518163507
90,886035502676.5225,-451193098387.009,-38214278089.30324,-5784.404522945259,-13092.972626173836,-689.8496187197425
91,-333797418606.8441,563356773679.5642,882046389585.7676,-361.6861283306496,10914.567684289868,-4474.211417297458
92,-506765503129.6057,1203621732341.4944,934565627611.7512,-2595.585762240154,-6768.599103789053,7222.050554894653
93,-1134215122482.2744,731934394488.7255,506623116734.3049,-8577.95463820547,-6635.844102572028,-5505.563868007549
94,1581222591154.0159,-683451470775.495,2316870512588.7715,1656.605170190986,6462.58317575238,3550.5566320123853
95,-2459780662335.832,1326584041315.4463,1327461794278.144,819.0709767602418,5202.73121886397,-1504.319586349086
96,-389376814085.4441,-1275622860071.7837,181960315182.495,493.8130729333386,-1146.263090320046,8934.839997241901
97,2643266426625.417,103994848369.02515,-65560852152.99371,-1458.3034821255992,7835.773515461893,643.2944132185514
98,-672660635793.2491,837763231462.1078,-326886843195.1605,-10985.306346847896,-4751.674871234434,-1923.0946617723985
99,139463464266.0302,3437456513.959997,-2310521757259.479,7264.873868830647,-22.44113320866252,2789.7407376338474
100,-2551577714335.829,500525837557.33997,1275199927550.1855,2104.8870742842487,5757.590456714458,3205.3455095791637
101,937199706766.1305,-1614927555297.7358,372420483566.26416,6893.6134188922315,1978.5223687607802,-6498.143106078067
102,1110634202461.5374,-1666258538893.063,-2044140787478.6682,-796.9848728284244,5913.213537190186,-4725.427440877251
103,1124682892946.1973,-1132251355314.8354,55903184694.329834,-6434.353700502494,-7459.739028613166,-3020.8803846312826
104,1607496344349.9707,1168539833816.9553,170759329280.708,-1740.3019679367758,-1630.7364694176076,-9441.5130353908
105,1006456878816.1665,1436584730847.056,-428332807224.5763,6490.68373701769,-1005.0046083262737,8315.229657465781
106,-1995118239882.5728,534039803150.6576,734418379457.1371,-2209.2644431693807,-8672.155406987438,74.6202371091492
107,-2062257782562.0244,-652112360521.2156,985207064053.3229,-3516.6047418610206,8092.157750820427,-2079.9567587368533
108,-1023288374176.5283,362150475146.4202,1645692437554.1306,-2344.5413207795887,-8992.685986921519,568.3487926854705
109,-2345568070602.1836,659058044729.624,-137578724559.06158,-545.4083351495318,800.3366838788218,8344.040890108763
110,-1235986692051.7163,-620926989805.22,667369135314.8364,2136.9696748778806,4277.987928858776,9459.393585884669
111,-2088860126337.403,-1642841962508.8706,-387017557847.44324,6159.464188433132,-4434.391042584158,-88.76646209784661
112,-602869474817.1356,875988764573.4514,339882184503.64526,5888.1697457245045,3225.1952485341826,11388.279142261019
113,840251764605.8474,1901480710426.7969,146132866023.26907,8523.333470128362,-2448.277111845748,253.79487564793112
114,-733618586600.4568,-1089140971876.8799,-256969589905.73907,-2133.8821430334274,1434.292754166142,-10727.355525582261
115,-613206436929.6836,3356186483217.2456,-141989847492.29077,5580.620155316449,2111.020967729795,303.86671532862806
116,1102593841818.7578,-1192521015510.8594,1632209439415.503,-4783.786687712016,-3229.8240613200014,3589.343929206851
117,2991689507207.7437,-2923051614698.169,-539925116641.83563,-3988.387480490893,-4133.942398758807,-565.2305910120953
118,1192161013280.7134,1855925509643.2578,547540428547.45276,1224.6308046819358,-2028.8371779510765,8255.568613852514
119,830578930830.4836,-4328982984291.051,-1284609901737.3652,-5231.832803035814,-780.9073645587453,-460.3783588266068
120,-1507174127064.498,-389904895111.7608,-429257532107.99585,2254.759416692407,-10178.701670784205,-1945.1867529791393
121,2839445678469.7266,1199990009618.1367,2925112381700.91,2478.9833186413257,-4229.782117355053,-1491.055563285971
122,-676087882776.1915,1161594917902.597,108058878184.80634,-6824.627202654451,-1965.5124981467538,6833.191788583329
123,1602610290695.2046,1162434324047.713,-1847020882918.1575,5418.567838175769,-5789.560964602024,-465.3736844322925
124,-125422580799.0932,-3800659491476.772,1385552327465.9285,1527.2187405353147,-1173.2235088414825,-4502.032201155876
125,1095811183543.0632,216671197348.02734,-807376915241.2719,-3429.206201604271,-3840.5525102426086,-8199.235450580816
126,-2621565294224.5977,271823598535.68164,-134926170717.94754,-26.892748753450633,7514.1657062950635,575.8781213384488
127,6867000666.734924,-804411757851.3191,969411853031.6233,-7416.371805754905,-8713.822131337753,-4482.095043799061
128,-363054973843.29834,412356568010.84534,149323923750.16638,-9482.602016181587,3217.6679528433524,-14912.855039885872
129,-1837905600634.3271,2563150743193.084,786263274508.4094,-3250.53806869646,-1511.2873798864985,-3964.193474519105
130,2576010728270.507,-2297760411131.8105,4738584590841.796,-1760.4180440610974,1406.2340122015628,1597.5552524813047
131,52815237143.11374,828183860563.1854,-149533400849.32217,-15916.936028608254,2110.7583873880353,1204.6333406169779
132,1614877041583.1013,-2336124095896.0425,-55945331082.29886,-6179.458344166756,-4264.012772346028,-392.8512072351379
133,-263648669418.95337,131554140550.70486,49446781949.73894,-1612.9506987442583,29177.065551929787,-989.9227265762077
134,-1211916680032.1484,1204010470523.021,1060137189953.0618,4800.812218968948,-5459.230988716582,535.4457427458292
135,-63959458726.91376,230166417125.95526,-1049355070592.9225,835.8416075015239,-3918.0834648058917,-13114.214262793746
136,-731290324067.1185,-686132402824.6552,774486259948.3248,-11632.962800936586,4492.6778412544545,-4391.00896337399
137,-3397451921018.3213,-163051203763.26358,8703191397.67659,190.1116303815096,-4593.513512914856,-1967.53564690693
138,286404762258.81006,-603414730833.5682,61236226622.73505,6421.291326397781,7164.502695433581,13929.537073956511
139,-2685059997914.77,2065860456493.9285,-121302002400.96785,3234.9682891299562,5561.534592015648,-410.1993054726038
140,-1697022369270.8281,-1493248274829.1567,-883422405426.8901,436.5224784041727,5142.045050460666,571.0961404113069
141,-2737997467008.5596,-77926785531.02495,-272127785697.43173,-3298.7837610772367,6636.390308236339,-2070.6730979372123
142,960252998224.1548,506435862956.7826,-150904847947.32312,4157.859010360873,-10559.07358941749,-665.6169757630333
143,-257271374274.93982,305857876128.54083,268415276755.11334,-14723.929707111718,14050.611641642688,-9980.041603985832
144,309198733421.9689,-24463274631.36383,157270591413.7443,-8103.295239995914,21109.484555623127,11406.880651940666
145,1374161773970.587,-1770087784775.8384,1013668840341.0679,-4860.90924119491,-4883.827463005875,-2197.993479390045
146,910380122255.3296,-2354543507277.2573,277535432672.9027,3055.159027797224,3322.0831634139454,630.9937285664305
147,-1372719493860.8518,1323066590250.385,-11427860153.65385,-6745.745337472635,-7003.52365222887,-1353.0212284860688
148,-2014553004536.719,299248354160.1073,416306512946.2322,-2169.7127579265216,-1352.156956266855,-9487.295839258171
149,-3600555027521.995,1127381422467.0967,703957975832.3412,-471.8446056937813,-4286.3264890661385,4464.882259284757
150,-91450293278.5896,-3389876971259.946,255822430158.3599,-6544.699484027766,-787.9935026443704,402.50481882277876
151,1826130111607.319,1013504319368.1669,73950577691.67645,-3223.981860151898,5393.726453083629,5693.562259525288
152,560042428849.54,1602640261176.4497,982189851589.3121,8601.281613222493,974.0123809880506,-3737.202528902019
153,-217671753004.4821,674661224418.5265,-27457366160.59578,-13191.661410341127,-8553.913818628193,2233.3597341492937
154,-430500810768.7849,-1198540522708.8809,27561814692.17641,8742.948358839056,-3281.38150780559,-6097.4092833214345
155,-846281076987.2253,-1580352749583.759,101245757197.9316,-5651.8365138815,3485.499299509581,7172.022046601462
156,2643777300895.427,1679467343348.9807,1843883187021.4028,-4299.48354502568,3199.60428551519,1025.5422977759038
157,1956159661150.6423,-94240395506.60336,305608214059.43555,3543.647715051629,-2920.2158559339023,8134.715521641532
158,2026664884300.6934,-1255397015182.455,-902126032391.2133,-3035.611595527849,1745.3703354081679,-7500.385859597768
159,2456728911980.3237,401469534598.08716,-358778357476.9259,-3495.4063058281217,7089.733286596681,-1104.4613325971166
160,2235365552071.455,434512038152.36523,693968667035.7767,-470.699478208569,-6352.301635365849,5508.8735933266225
161,425440965697.77264,-535915537583.5801,425141748151.0589,8497.170892682869,-13646.503585795035,-3072.0524050632966
162,584042318433.4922,1941097815571.8398,995801872689.9019,6706.67142328306,730.4296555628146,1755.7587128910764
163,316303507288.3338,-233782895955.90378,747732757945.147,-12379.02018030824,-6023.760553456462,-2984.307750532942
164,2200211492309.206,-40818971171.895874,-960782359514.506,4057.826030443999,-4419.443365456673,5573.942763746456
165,-2207261889658.246,1756662414389.4287,1422486355750.3667,4094.6779337331736,4935.4593562789705,2108.8185416753254
166,215050616011.05884,-164322567189.95102,507308649126.3693,14265.34771979719,-1684.23211078645,-11315.366613046961
167,951869598730.9192,794351900235.0461,-11522359102.057323,-5763.862368375178,6824.882162653552,-5685.705232029443
168,908843051113.008,774805689813.9457,-22620460104.59068,-6124.810336960785,7006.602774625011,-6120.198978705471
169,-1461350036210.8535,3085969484459.066,-10507617288.119345,-5662.208588620326,-2681.1105241799696,104.60081037348868
170,-434178484887.44617,-244693517169.04968,-14434201608.32057,-7428.174283065124,18524.535330659543,291.1535745481038
171,-432063823805.09357,513784946166.1828,-1404850563960.397,816.5101560260487,6979.599249975923,-6519.586581698786
172,155083248122.14508,-102208253130.84924,420352597234.16547,-9785.166298346223,16815.066405036327,6917.348438205583
173,174230140441.51328,-398923130855.2436,120657529633.54231,-18142.556279323817,-15108.574519525848,14.226670467629447
174,-2143429705658.787,-241462525354.76828,-406625893525.1485,-74.14803440121506,4802.858054451062,-1375.9965095143803
175,2939844520553.049,3121431430427.3174,-384859401755.0722,-4316.512082505135,3625.813139382502,-630.454748473476
176,2273892789954.22,453943393312.09875,-3765070506.632612,1490.198932700389,-7466.200864397892,-291.6728430253379
177,87868379540.10876,1691623116496.6143,-2243498628973.079,-6055.012641878611,-2970.917483091682,-2743.3636293376667
178,1994358876162.861,1712493815690.2122,126769354678.39542,-1977.5381092674158,1814.417419784901,6607.35894120235
179,-2244352676212.801,3107109708649.6377,143350278042.31543,2118.5728682195436,1277.4030791653238,5481.911369165196
180,841795406227.4604,-771327129494.8529,-2104264455593.9656,-2300.111786955732,-1444.46003594618,-3327.6705874306
181,-323483596849.17114,267618134209.105,-205281057053.7791,14534.141856655991,2130.4290245630846,-14209.181978310356
182,1573337621138.4756,594095589820.2501,-97103727956.53998,4114.638683723681,6864.713153256643,3354.8359121561334
183,1683852441339.909,1185290092928.5842,-582921807190.2178,-1925.5328550520296,5131.995706916507,1361.9574497953147
184,185150902178.80215,-252923501745.40417,126344697722.03696,-461.61705242380594,1900.6369920260304,27325.600790373246
185,-2012630520448.0806,-25309778002.887573,-1193348865842.6558,-4092.586503024536,-1408.451746084847,1742.4204655724532
186,-1941320440053.7102,718147000461.8586,-4001172662149.313,-2005.648167399771,4629.303365518758,1973.5217214018735
187,435714520410.43945,-198417244269.66858,401019845024.87714,-6497.22246239902,-9789.970910617258,15539.578294348838
188,-1552654220145.4485,-2037116244317.4006,981118496696.8043,-4132.633877229395,-1104.4017038053212,-6432.364790496016
189,473029159878.5376,-511779244963.6836,53580879598.59901,-13912.654695192701,-6563.001562814305,-235.3027369881287
190,-14157788930.478167,-162130672374.6385,-175135182683.23355,-29517.709219988545,-5262.605871658088,7274.841355342562
191,-642858193802.3032,525767024921.4342,198767018877.14642,-2831.4996259481645,-12726.860554230372,-3242.234764049591
192,-235355575341.2366,-202354146228.5901,-375231820910.31134,10454.80629335965,15994.60383772611,-6232.9746955823
193,413550966416.5115,-1860689742120.3591,263109044898.266,-7499.649011643011,-5619.927094683222,2164.34860248685
194,1243359455701.2253,249483536169.69513,-10568345495.408895,1890.906537682735,-9570.986565454506,-3490.711277708337
195,115874925169.4939,1285443654024.665,83355945950.4372,-12393.991038439628,3839.1274577925506,45.31179439429462
196,1413710073558.3315,-379812592395.79346,868500193481.74,6264.517405787631,5902.9194622430805,948.6919088687803
197,105147320001.44516,596007294316.0215,830897797898.7427,-6543.2719848530105,10952.485985355634,4327.05785435387
198,149670824572.1624,-502079854650.6277,-1002974218775.6023,-11768.654646571602,-2167.7695987721727,-6196.116792315002
199,534628417325.9406,194557046965.3526,78575412085.58105,8871.751774491553,6530.23994385412,-17172.793315718984
200,1033128406821.0972,418331698382.325,-2403937676149.223,1231.4954787696859,6882.00529669527,1726.8524034779225
201,-1146484281314.5479,511941578113.2688,1300848653865.1433,-5540.337886494662,-4177.09378010359,2942.8970852933753
202,269592336954.3555,298470596083.1429,119564718497.05707,21197.151853745214,-3145.219193727169,10493.632251940646
203,-246263391807.1878,69062830574.58519,-193433363596.52057,-12192.027770303224,-24369.662493143398,-6897.196541938823
204,-469818419971.46136,77596475385.50919,-205106542516.70422,11171.547911772426,14639.6956588735,5332.187903763454
205,929011340775.8578,-60066809932.270355,255096584346.32196,-7758.456750130647,-2529.0276807871674,8708.106650254585
206,-301190723259.5809,-55538029083.36956,-497516027386.7505,4263.938029951087,-2071.9700646285755,-18837.48749048693
207,23963620883.608456,-770821400329.9753,95727459768.30966,3099.6618666389604,457.1328018393997,-13065.249721207827
208,3220592636487.301,-619957664608.9106,-542036515202.54626,603.7887023335275,-2771.0938545590557,6438.478243613715
209,-255041043995.90115,417040907160.7964,246036137061.9914,-19796.60325456887,2131.543443609985,4169.742227405015
210,230792584482.6675,-135672690020.30258,16413000559.625963,-6492.785624719683,-29985.331702052405,-2065.0838239315826
211,556021840013.6031,-151500138131.30975,-277727775957.59326,-8642.378693424485,-13363.33918403379,-6704.100710086714
212,-192415035752.78192,-874240510147.3735,-1155831992526.8613,-8418.534286488864,-7415.607352284323,2836.042894112313
213,573728644567.6466,-65965169973.4131,-297018332481.86615,260.388949056417,9151.067838730725,12983.877014007146
214,253902409042.5222,-609526990249.7117,-256397724882.03378,14581.217543933166,5673.009787603327,-1207.6170247926832
215,299211104452.08813,-454741486302.20044,-76391064503.72818,9619.263287806376,9365.991742359003,12038.18824999199
216,-3073784246128.4614,366655802223.28674,2127384704875.7725,1034.9073049560286,-5727.237445965328,2099.242864740235
217,138663242454.57263,189807491365.5962,415555496846.83453,-9269.444590014338,-16404.788848420394,9970.421959461564
218,878914166579.2335,-209910864524.2671,1272063283627.4111,1184.4866685428965,-11279.959777112235,781.9131298838174
219,-1610495950632.4502,856252765689.9053,-1841931334650.0017,5938.504867807042,2597.415944945882,-3948.0499045818165
220,-273874510418.4459,198513211121.79816,110348783343.54851,10021.098315369336,20061.88042540143,14216.033948027178
221,29182303323.0925,-897766738878.7883,212169593505.80634,8358.51586597323,-6231.900775791986,-11943.391991635843
222,368715986875.0578,-2449388401055.1343,44475790406.22896,4445.335968547469,440.9050303081596,-7529.673962638523
223,-625426397068.2448,-16051958662.067078,-250057693839.5438,2240.4332084857015,15311.42831684544,-2001.6349776992367
224,-1367809320450.3467,-1745398299537.4368,-536839199587.1632,4534.090200245148,-4883.433942420339,4324.304758955932
225,551202686312.7463,-216131871739.90198,130439566431.55045,-6632.164680521417,-15986.54112027221,297.77179910917573
226,-1368175459122.7227,-674770762452.4731,213167670509.7413,3324.1094865037626,-4598.240084749856,8445.997262477054
227,91759704999.44647,464207096529.2073,507302244961.5728,16013.757041840505,425.54898444082755,8080.868129023626
228,-208087866022.4376,-211842355234.4137,-557612290077.0991,13995.828925427482,-6302.4894523517,5042.105713015544
229,490050354527.1355,-1466628311237.6826,-1802385397329.495,5341.056162932958,6124.59852042298,-2716.313016672829
230,152894758889.7919,-134902928792.34831,12477159376.393253,-6052.619220138351,-11698.254954488319,-31561.231095752064
231,1066382834756.0535,-1328934929204.8499,701155816769.3766,-4993.4499286598975,-5935.76153550146,-3655.811943955901
232,2457021144933.994,-2134684624290.363,311408675858.6467,-1977.2261054559813,-2262.086775844765,5282.730916956877
233,188246834344.13284,-256789747456.5496,-45965630291.770096,23484.37509213678,7293.081325877711,13690.432328632993
234,203222663636.77463,-265465576452.91956,-18968224891.02131,22367.576189197247,8631.078933106513,13558.270283161282
235,361238194674.734,-24008214460.452385,243036656555.64746,-10654.658389086626,-11050.185121625975,17480.23427115043
236,2484567817051.374,1122541596637.083,2855987816778.542,-2949.2477395874926,4800.440202913224,1064.4998873119973
237,1292093845886.6514,-39692768866.04288,1524781307692.8472,4817.332911136592,5743.394216399063,-3932.6184048875616
238,-355781405214.4374,371123307854.6012,-2204511000868.0,-4616.150565043371,6917.4719815482795,-419.764020464404
239,2075766159817.393,3574019137033.2686,-1134184755158.7798,-4833.360200267616,2940.570193544817,544.6663484622916
240,1759290733632.663,4480112616452.6875,136210018663.32458,1900.8225620258545,-833.8602911792913,4609.977508219317
241,1600674211124.991,2421457235190.845,2994736947794.9175,-4660.2683583845655,-261.43408850632034,2434.772289261819
242,-306467448438.63165,-331129179943.672,3102778414284.2515,-6415.038416412674,-1845.4559853031005,696.2861527063856
243,656951920021.5935,900330832658.314,591671494413.8125,5676.819945919555,3491.3742819801946,-8280.916469372922
244,-988446018926.4152,-74695541942.95116,182508164818.23468,-3450.213367947892,-2669.220132142135,-10636.6575066509
245,-1031025120228.6864,1217403649658.0342,8447517617.826572,5616.291156509952,8785.092141629646,309.53924268294503
246,1902528003536.0227,-456298885126.496,-49644829781.60027,4977.407576710812,8306.511097222292,-187.44290523669696
247,-4125423516.1622314,1027192133663.8275,736358835089.6824,-9121.176020437779,4059.572246598431,-3429.6520880688404
248,1572500589701.989,1028872221117.2646,1746881248666.2075,-3849.0250174111757,-4603.342737260381,4566.070297191925
249,3561672665572.178,156671269893.87558,-390359858959.82275,-584.0620806215844,4707.259146514141,-3394.4507554455727
250,-857139993140.0957,-834826941876.1809,-664540319650.5251,5491.543622620398,1659.5317273388073,-4450.598425415278
251,283580578644.21704,-166799713649.5906,-174790260309.98944,-10395.416388249454,-17009.940523768317,-16421.591196376467
252,-1101722659145.3787,-512873556460.33923,-16498575440.430084,1923.7726133268502,7909.673720108872,2733.268206766428
253,106081180344.15796,-837204546608.1194,-981240126201.0933,-6605.556109434097,-1949.886400739099,4820.053834688547
254,787244868148.932,-612017979241.6968,-47236728565.436615,-6138.243544328779,-11055.020788050562,5468.44131039069
255,-1133906472968.7239,1401201257069.9878,-1144539333808.0957,708.1587621087781,3124.4474731622877,7715.787506799777
256,-605235772102.105,-83805549497.20917,216700242616.17706,-4162.803050339806,-17342.55328035543,-6609.337357197436
257,-879871408017.6179,963866967047.5009,-605469348676.3906,658.152126219192,519.2112542307566,-9191.700551795871
258,-531116412881.2565,248879476583.2121,-138735504905.97842,3994.8467586032048,15792.718066494395,5299.016719401662
259,199415884746.03458,-1066032068912.7795,-406046974206.1566,-2930.0940586822853,-6283.544648815309,-7944.7313512853225
260,686677384376.5793,-1399508054496.3503,116779487986.09378,-4461.1211136498,-4640.843562317253,-2402.638852311321
261,1163010794666.916,-152373908014.81293,-356386028043.1934,5750.12929635044,7958.917096500925,-1313.6789311765106
262,-1156672986933.5732,2255995996395.5425,-1002596292142.1002,3756.518380872937,346.378149969725,-6007.5003155161385
263,-2285867042295.914,-478654674649.0196,-34685916882.98669,1040.157041337806,-8613.558890601957,-427.1422334409267
264,-1633021262583.3599,-97296175449.34213,592232846345.8984,734.4742023959948,3337.157758809467,9718.298834858004
265,-1337715418780.8496,-384433258000.2987,30052745858.145218,-5.752817280941599,-11943.533952380218,547.8073345546077
266,-2796203914762.137,-436677273094.1181,-7816176444.921988,894.4137308278158,-6432.7505955398765,4.828717734181964
267,551936798465.6436,-351218827476.4459,-2349116331609.1475,6380.709604808647,-5507.23626102319,2081.068484029542
268,984042967749.2357,-1611965316558.6704,1379629191278.8835,7221.022567739081,4237.686886374628,-148.4162676741741
269,990255876954.2583,310364451770.9491,1292273817887.5742,8290.980805085856,5434.855351172118,-4306.505605002338
270,2492964315051.0425,-179452606059.15152,-521161991732.5675,625.8910990552522,8397.166813633072,1062.922104121781
271,504440148402.47546,154633130716.60233,-102783659926.98679,9306.915564263267,-19402.893542278558,972.9282224950864
272,128771315733.98915,-774617895397.2878,-188265281412.8329,-11629.570234552999,-10199.956832212698,-1006.3721823897315
273,-217482853148.2034,-1071189740316.9939,-149005859144.5396,-12593.612487083177,2637.171388569933,-582.661574551945
274,-674370002699.0995,3749092520080.7285,1976283377114.0298,2400.1852576417455,2458.1518481665416,-4524.136512343927
275,2990468100705.1,-1047904929332.3806,-1055610616313.8118,-2734.556453252067,-6018.745433569921,-2483.553985540058
276,-990514172266.9647,-981365252884.5836,-55421349100.59938,4794.085779637893,-5153.440635068725,376.15322369277646
277,614309840475.6593,-3034791941.838661,-616003167928.3395,10224.477129039406,-10283.593046738371,197.98336944103085
278,-146647107055.2842,960898670330.4083,293072480367.14685,5686.711057071174,2126.1091941129407,12996.537039444745
279,110798579476.8411,1017875941824.1614,-74917700936.00853,-14723.137884517255,1965.3447919582422,-1912.7787724976608
280,317766721974.80927,460606290507.4237,352402089066.93677,-711.3013078521226,-7676.210929820063,14141.565799501337
281,72019596131.10078,702490855548.6637,199929039306.87613,2799.828681232586,-2290.864641637163,13721.08819826178
282,-541734686186.64,47896884369.77557,3731752314.106415,3373.0138844298117,-18061.597925279246,785.7947249827264
283,-311140375424.2868,69551233462.51299,562032920064.8029,-13567.981085260397,5576.984781460438,-6475.626532545166
284,42839957140.938385,577752756493.7325,210380497366.63214,-16399.2926514833,1544.6028014825506,4584.332551711488
285,-207387790259.70587,594155753664.4374,189605305402.37515,-1598.8887628477548,-5464.292361558005,14801.003567605272
286,1095074381406.7178,-89559225717.44904,-379967629747.53357,6287.2899156974445,-8176.034990013631,1218.9771296031217
287,-512794704937.2572,772391399944.7783,659651964261.7798,6922.19187332363,4823.788189601564,8728.049676860097
288,703319945882.4377,-683324600240.1249,-481201391903.4497,8428.014743831858,-1255.5086283482296,7612.037805321922
289,-652948654498.6566,8819786705.497925,-254587655441.07538,-6440.691028024419,7809.39865449489,10721.005506322623
290,-1436770164817.5105,938451310235.2705,3039561169418.3555,-1367.5375166191707,-5430.54505779266,1974.220497488843
291,-556450594796.0527,268363302265.43597,332981067385.3267,-9107.454917464178,-5433.5263766776725,-10246.677149916253
292,-340463428808.21875,830541535484.5011,-1043523153549.8043,9784.337364255513,-1700.7506957558485,-7002.328126721584
293,43823641756.01453,335834006652.39734,-681783883265.2268,16273.769882461713,3628.2499027378794,-2321.423085521237
294,-224496359433.0238,-240392478661.26205,2217611688.4554596,-22007.929384750936,2365.937545584131,-15612.377164880236
295,-814462956451.0299,-1308042332175.5566,-329890045057.9094,-4981.74643657863,1151.2479671203002,-7988.043607771173
296,-278953337040.66016,-2071937963599.575,-248897182511.7897,7735.200129051812,-1433.7974071481144,-4939.773848214667
297,-311548304738.02625,-292706561358.3787,148421347645.24094,5488.517067801497,-14764.808561017895,-13488.882232436135
298,-547180262930.7174,-109742955296.00253,-147886675602.72354,-7938.84163851597,17976.534366622564,-4632.358831858664
299,136970518121.43414,363171639316.90985,254435678853.39096,-946.654377042119,-5121.706905839518,21779.89749305709
300,1332848411612.219,2083219647743.3286,-217413097299.69324,135.4548777639783,-43.08740066093719,8773.649494123536
301,-291310489159.9243,-872333408591.2874,-660923559094.0677,-5409.47861018439,-705.4297800317704,6732.219765663473
302,-1219025255774.1929,-9591608760.965729,476071429168.6985,-4818.513057885436,-961.0125173977912,-5500.899653909271
303,369321575404.4618,-677226609517.6227,136678959792.94646,-8419.742985416937,-11404.257999520336,8050.759476242873
304,889678267294.5842,508670023326.34814,-337429036397.70404,-8993.6707139219,8487.78510938173,-5780.095681195709
305,-1889300214171.6292,-262197418554.0454,-2392779958997.6025,-3693.4036581124033,4762.838219674917,3474.153372687285
306,2243672482944.38,-3109768031133.908,2146584132467.9,-4719.251054187482,-1742.5643249847162,2364.986833874441
307,355457034824.36426,-322186357224.7644,598692409119.3347,-10620.527581429506,4382.9433665690085,9252.461137542128
308,825609321473.8605,-1824784221865.9167,-70154331750.1378,-8985.499793348637,-4273.039765230184,-575.5627406647924
309,1842126380535.8384,1191798725006.455,-1254338492871.547,-4894.886272680447,2003.6303687248012,-5575.994381354637
310,2556895645895.473,2301329847935.7085,-1078454606879.6343,4729.970066137352,-995.9628022271163,4003.1478482448692
311,2649505913925.157,3134123783553.591,405979806577.01843,-4499.368880044661,3743.9534930779278,756.122208909411
312,-758213724104.5474,-231316107648.24872,-280394782059.1666,-4260.418732081586,-13420.249465080227,-2298.968796598958
313,58143375249.425934,-561031898169.1598,668115776145.2764,-11487.897418957325,-8612.51152293835,1237.1671900695983
314,124244606018.55772,-244294494831.07574,-507602120277.25037,9879.447128335465,-15542.219051998753,-3527.0958040135292
315,606370936012.6511,-737528212045.5685,116188266846.69164,-3857.5521661141747,-11564.553083964805,-2913.444397369756
316,1071741839735.8977,329049543749.15283,1813264534704.2168,2669.392641998111,-8487.59289959883,1226.1567570999
317,-459814635238.8915,-515541600197.6629,-2554747417.688631,-12502.550899024614,8769.992325156873,62.42077596272097
318,-80236111010.0015,737310998245.7056,82070745263.44754,13733.310420914198,1576.2811327985937,2506.057058209154
319,-503826247151.392,-449908346244.1597,274509897761.32245,-10279.319640928079,5751.620015734459,-8171.552351489683
320,-677347139588.2089,265150077660.2722,-84901913003.96982,-5506.746698507473,-12930.674506155512,-2179.740751842721
321,-622347785179.116,159397480835.17493,376436276357.60535,-7898.679614809071,-7831.682612999513,-8786.386684925226
322,-706944096056.053,-5735555339.553162,246661848808.7857,5305.165903763298,-9311.241436833167,9260.228439930761
323,139558109773.04633,465358649886.302,454738616096.95374,10372.165159295655,-10051.91193223907,5493.162374748732
324,432163118642.8326,-1032527370091.1843,-145408415424.53027,8040.323565079569,4907.334927414272,-477.7792615867608
325,-702402808119.4928,-101729457295.3313,6070539109.579817,-1859.8847514410145,14088.839631376197,3877.4851796111416
326,-111786348314.25484,-1081184831522.5265,-361937394551.9078,8583.945174156297,-3261.0149301008346,-7137.631546284399
327,-397385994008.5276,-1926154274957.5085,1479519864924.644,-4092.5386018537965,-5004.0806921496205,-5382.840938365768
328,-129792001836.07275,-1207714487417.7852,355551761442.79236,-6585.255582305685,-1578.2026396286024,3251.6407053885387
329,732317126406.5918,-1102415219507.8801,2952296928481.285,1953.6077901294727,-6301.720798365275,-2319.098505047455
330,738084801939.4358,-965527242465.4434,41762665534.69795,9282.202745404356,3226.89009521146,1180.7055060739176
331,742702492990.5764,630290604516.8584,609941867722.6462,8163.724129292485,-2750.198662252955,-5721.966994355603
332,-155897285058.4586,41026815628.82263,1239004279799.1895,-3177.837454833023,8580.469518384569,1396.1125942302078
333,1150039535421.219,-1222485840753.2073,-677179943357.5923,4228.923286807352,-518.383818811767,7118.594905619899
334,397730018044.6648,261677131421.14423,-552208438602.178,-1469.7449797227569,8746.183791990621,-12273.460580112289
335,-212579926428.0458,-448247645262.6966,195279604728.4959,9651.022223575408,-9986.5554671845,-12398.797216087141
336,-109185555698.49054,-887342155689.9104,-241287384988.5925,13854.498462893167,-6013.271454250431,1953.5474677501181
337,911292981202.7758,300989529881.5646,135606411603.93933,6255.472715364745,-6410.271420054253,7215.828050654574
338,385578757706.42224,-1296884457124.8064,-37706678802.67233,12026.517239577239,2158.1339439373132,39.19254018244935
339,-1106518891533.0083,173049867535.38217,675323560899.6323,-1797.4325978163838,6366.319408132089,-1299.4891814760435
340,1075944886025.2642,-577236103855.7782,2513378498910.572,82.52001417675626,7181.469468778931,2203.872481400528
341,-729425324106.64,-24331676416.517273,180366095341.87277,-4128.040153637362,16671.581589605023,-127.53872753353676
342,-89925892837.1081,-1408039233135.796,-500533721438.2938,-9945.2212047997,1625.1646510311798,-1748.2506835156726
343,1291075310411.1597,-2265345408453.022,-295251847189.1997,-5115.935333510658,-4207.404106148806,5265.655933038601
344,-621717741229.0735,827610403187.1785,-117960584005.65582,-3783.7095554325447,244.3900156381087,-9124.803217781639
345,582635999763.2517,-687752647351.7007,391558565001.3691,-9592.62332733483,-7743.60175865301,7923.982139508061
346,3843512136382.9683,3161559544553.9805,-8200301259.65533,-3074.153777572365,3795.329938960532,3.2881184485049975
347,2289740251144.602,3199221721550.2256,-1725691572097.7917,-3813.2355054909413,3577.135207181038,2220.143446305582
348,193537761317.5958,740360177540.6791,123104721222.29901,-15527.549836605705,6247.066607459634,13.575724451504755
349,981454771780.7173,-2053085485402.1355,4045862281480.096,-4537.067356818656,1565.6501746604054,2143.178228013875
350,-865068296404.6365,380179976655.1448,584598994763.0171,73.26508610498695,12903.075300936569,-2238.5169061648576
351,730525820163.1652,-284143038150.2477,16001005599.763521,4469.97647855877,-13579.816070572699,205.5764623317631
352,363004348696.4404,212112276127.77454,34601411275.38597,14716.457009817921,-18508.93440340739,-6230.0089204065625
353,-3203704637636.299,862800163320.5295,-429486975917.74414,2362.590251902618,6218.653040320554,860.8307790728735
354,-252613514949.31085,-729705720573.286,-222294414409.7155,2479.7537154723595,-12291.195770592554,5104.990523645958
355,2995608641188.9775,-2706551625902.061,-2854881657712.9575,-3923.5048631573345,-1801.8696527075012,-2348.688599170674
356,-107757550672.40787,632392876514.3591,-166379104631.43243,-16824.608282041103,3368.468701439906,6480.69654836981
357,289720720064.2841,503258670937.6118,113436516562.5891,-10545.094058412706,3336.654314676567,13746.738674206348
358,1361384158564.4575,-1181087574272.9365,1233362401964.2388,-7318.653718712503,-5085.103326198601,1931.108845389178
359,2519947699474.913,147607089775.39404,205811710981.2752,1600.6623533625939,8025.235198003771,-2474.778542619114
360,-377689368438.3047,3714957252393.0537,2625492343957.961,1836.8064046892428,2832.5849118939686,-4151.891011075618
361,2016570527845.1704,618306739612.9341,-2204322782758.41,-5839.92244850498,937.1151697947867,-4457.462532661178
362,439485009757.62524,-436592777128.22107,-419981666927.8586,-6233.244503774509,-14326.935516249712,-3845.2168257393923
363,-497890360781.00867,-1932970227093.7922,182221580917.58228,-9909.789155235005,1613.2604979281728,-36.26257083626001
364,-1278957488321.8074,257224830758.72943,1428205403378.4175,-5403.347047454351,-5620.327204206709,-5861.914323889646
365,-1816236237650.143,247321578197.01035,198414785565.38336,-408.094182204111,6253.736698953602,-8273.286785012227
366,-485123912284.9645,2581595253635.59,200038273848.92206,-6626.685450720601,531.8939577753572,3162.704274401776
367,-177070836299.72565,155784627410.1612,499354571579.83105,16186.91449940245,-7359.191970042592,11144.306137717876
368,-1021169504742.6042,-403884753893.18384,80959403704.26324,-5500.819476337231,492.2994849228186,7903.555988341963
369,314784663055.3148,-231965429499.92566,983246942610.1329,9364.591153540365,16.651777222892406,1534.2932793926052
370,-355862101590.7739,83273699371.95752,-87909993092.83832,-2691.7429667522083,-24381.53767906848,-2763.6311181485753
371,-282466094754.0842,-263688315383.82184,687298851609.1265,-11097.938325320694,-11435.573585161954,-3126.214757746993
372,-546799286410.87976,-2248920885377.058,-1172171150262.5728,-6985.229813247397,-197.4516542594995,4283.018148220464
373,71026357871.63895,-633626096298.7598,3752674097420.7856,-1486.0481167298688,-5908.065756228592,-823.1763819658042
374,-734614072782.5421,299640319884.98773,-646008329556.8218,-7759.695032402736,-11618.86231296349,-1299.4920758004646
375,-213524627964.5954,-803844844708.8242,50978304772.439064,-13356.691776415133,238.9451328818568,3373.4277492150277
376,1921906876202.3606,-401652303580.4083,777235287459.654,-3389.8475127078345,-7981.243010111575,-1459.4227453070293
377,656467200581.1888,-500112367063.7859,85264300013.36931,-4748.469661098685,-13539.4150445044,-2515.7550857594683
378,402357344014.292,-2041459504692.0928,452366841607.2862,-8580.991243835764,-3139.190287398018,192.43260355580378
379,-2566661610113.6416,-264973328080.49316,882520175889.3864,-2584.4340088086515,3762.0131440132586,-6408.486396493941
380,192815083779.01978,2203211337928.893,896470787731.6945,-3416.3859884263024,1665.9413836686495,7950.684751339515
381,-484112737327.4388,-605473391175.9467,-1001919739931.9219,7892.020738267998,-1203.6153499303232,-7177.578940745129
382,-1217648678124.008,-1080789473075.2168,-956138422660.4095,5350.318730997302,-1691.5803352104663,-5977.982856579067
383,-3275341811682.008,-693299385833.4308,-114196325392.48206,-883.1730879802712,-2645.039595241576,-5622.029068994094
384,493056043737.84344,-1455106888841.9414,976212265031.8822,1094.6636343652963,-5368.430234622023,-8603.268795823513
385,-1075228464586.7733,-1037749548107.7599,595874948399.7118,7810.488676211264,-2443.122590642967,6025.384074920847
386,-1304979657551.3523,-928625049291.1505,-237381731700.61072,2303.8149315612536,-4869.997212851953,8847.739767684112
387,-466083567352.0457,712807747429.5968,-399675192648.4113,3519.365349168491,10571.885870674636,-241.2373526215057
388,-6259070000.86908,406619049530.91223,-417879705891.34076,17867.389805297425,7976.7865384502265,427.1850212078825
389,468017112824.73315,91535203241.2459,595152464833.01,212.42107857929977,11832.640780034371,8274.820539363907
390,-6128941983.555334,-256293998905.41785,-405816821361.24927,-4766.566899409604,-16791.88234889381,9931.454562777639
391,-208882524069.85785,-778079422062.7849,-151269607281.61728,-15379.794659679463,3440.44885936411,-4869.940503745567
392,-442614224883.29724,-1063904591423.3855,-658921050187.3127,554.351880001569,-9500.017925885992,5345.991054452555
393,658964247301.478,473350623359.7691,559801960684.4299,2442.9099310652637,-3631.01739620882,9754.557784168965
394,-739723579361.5258,-236585788779.6389,-306531165282.21564,-9127.857680596013,8698.705640623799,1938.311863391311
395,984847780143.4031,-225622883949.27472,291695159909.605,4606.183378313056,13585.172396014854,1936.3147793692865
396,1836368433138.852,1040560164762.2246,-380976309488.8385,7170.995290096429,-5326.005870315029,1939.3372501689196
397,2681906545530.0337,766904065836.1941,-12239169192.93644,-1665.9818042225895,7634.92616492748,-189.36387477227797
398,158478937879.0206,-43553139776.90236,701320641594.2512,-17094.86562370605,352.04408280719326,5674.314598130461
399,1047410827740.0786,467965142275.33984,1111781373822.5342,1099.972787194354,10604.549087547726,-3414.6566872097383
400,-25856093763.259644,-1202005062158.6843,-965716215241.0385,-11288.894097544788,1341.142069104233,-638.9067882626581
401,668969931151.6548,-426617638073.9531,69904521628.87234,-8362.711593692651,-15090.532804760342,1469.8985810292247
402,4163221833767.661,1581258510167.1667,-1067712384355.1523,-2562.728428251664,3780.6249111070365,-2753.636022742767
403,574517826046.3148,568882933993.9795,-347452751287.9574,3427.008580189945,4714.770391712123,13222.82692325383
404,-99833709882.37766,-162496045009.23743,1241027701792.0647,-8593.93777938604,9654.147500962383,2528.762984326944
405,66760720730.608086,-142904283851.26913,152458020947.314,-24360.044752197013,10508.125964525003,18716.27623452116
406,-432212805121.46155,-1658834963288.8357,-2858735762380.882,-4524.714350520658,3570.683322999086,-723.8333263587033
407,1628805295828.7285,1693474219065.2588,-86296498347.21252,-1919.8013059496234,3515.5918593907063,8104.114264767067
408,534822902328.8209,1767353844317.2363,582824326239.7501,-9097.94015302637,1644.2805725376777,4474.916519014405
409,3193925762826.49,2351323567703.532,1421504826142.5159,-240.61757716867442,-3164.9641130800055,4837.3799594903385
410,1167646082113.2656,4142136987865.273,1154668107808.2795,-1272.248568807754,1500.6693142872014,-5114.680852593926
411,3296311008031.594,3285986439931.5825,1302508884214.6082,-564.4924172713525,-1404.6717647839391,4802.274311266953
412,118390783529.96155,-77129131070.45116,147063729844.0561,21943.82669486824,27800.76764290693,-1575.0181790992306
413,112715024548.74051,110594207927.8715,-293652914917.17957,24343.642115102495,-11847.504020232238,-1431.3025747720867
414,-2477111041431.0566,825735912749.0862,-605287204530.1708,-43.282160237912194,-6918.8914595047245,-4383.620399521952
415,451242406892.60364,590000021523.3441,-70460188939.285,13648.605762774736,-5296.502353909808,-8447.081017786182
416,148085790046.22375,470008525500.82025,-104613778622.20557,-6696.898847536486,9736.524311434885,18480.19972550757
417,-344076013368.867,496665104899.2029,-193745686512.56702,5293.333305203418,10286.123447154578,12596.52239795383
418,53728737127.034004,-579340198168.3778,463441676213.21063,11198.596698078245,-8775.950195943995,-3168.308714891829
419,-515172679926.7751,-313008849916.40625,547653427297.1179,3456.934169212484,-14904.988274007617,-99.89252816450335
420,-341435970742.94055,351690888869.99445,853067519.6433182,14031.853788081717,12624.190659963915,-5136.614931066799
421,-1351683285712.3955,-717648353391.7385,-460579268829.4282,-1033.175551901055,-6272.992953724884,9202.523625685406
422,288889156627.6561,-408620070448.1321,2762131844862.824,347.18481786843336,-7058.438634442082,-850.2022546230139
423,-1311505954744.952,1395562011918.109,954048428432.3167,5288.399568051946,1806.4378245284536,7207.046323636524
424,-689537980426.6372,-1235071956718.5125,-1003452458641.1702,-8418.152197437976,-2989.1014190703486,4860.546887000714
425,290388204652.3728,179921104378.82614,-580018055573.3097,12996.121868542314,10160.376628515365,7365.470847216027
426,340761403210.92944,245513409711.8861,45145757128.6525,-4712.608771048124,21889.239826964644,-999.3146157025828
427,398208536523.3906,-759703472887.5088,-6141316643.855103,6177.2764949469,-1092.3082396697237,-14265.633631779743
428,-603210418897.6897,-66502735133.71411,93753599033.12187,-6307.769749760998,16958.166733476693,177.81778559499458
429,418678019717.4294,-309426630665.4246,6392551543.780345,-8980.078847454364,-19062.06968753966,1347.4672757138235
430,-427485128451.8698,466175225534.0534,323356113339.6393,-1276.7996529596949,10773.972301050913,-10162.94589285098
431,1891859683625.8257,-533942950274.91675,3330860831720.6846,-532.9196526428962,5137.015331901399,-180.53815069944494
432,214007064022.638,-391972135803.8545,-543901743801.9328,-10777.688005666107,2666.315651917737,-12542.148502245396
433,566757224246.1581,248187465566.3675,26948863881.312386,-493.87156766766566,17547.79717584034,1249.0994025362468
434,514278277851.1769,-238893502237.89328,-163681686543.26672,-4218.911713697102,-18117.237194981153,-2008.935312195089
435,321935241256.25964,973722313901.3909,-218842551353.11865,9873.268368397701,-3641.9781966931846,-5666.57658960916
436,166087160300.301,-154443581233.6106,133833038519.78079,-3887.7778977020807,-27206.85863425297,-13150.854310034709
437,126626399248.78278,227262807506.58838,50414152086.487175,26251.85200679891,-10239.905831345464,12078.082872785066
438,-283538993404.136,274863612163.6586,315197955629.92993,-18813.487033266025,-2811.1489415987185,-11512.312050720117
439,-45733559384.24302,-23530710936.37802,420548660227.8971,344.4176441324371,-20059.30787053999,9513.854059873902
440,-522271013306.0594,492668205211.9923,-129422729510.18042,-3092.908341830059,1245.306434475379,14265.704871795173
441,-279408455593.53265,100874081070.27454,-112597206875.0135,-396.6514442649907,20065.47106545424,16812.201558342105
442,-393621929760.38135,-219378351993.3678,-166314988372.5111,60.46255449708042,-20363.94561811314,-778.261518038084
443,102016821022.50952,-80738500239.47185,-610124714477.1958,16096.333121011896,-2524.752843204088,-2277.0980130373264
444,-314693266116.8804,-266495910552.45386,-257723721660.3938,10384.997415388601,-14132.989786278395,-11412.263893360936
445,-299952527656.13806,-292285090834.5485,-90039219604.03828,11738.739161914593,-19440.830545905283,-4201.138857086418
446,-856500606942.7327,-366969048140.6391,860764946506.6165,-2979.3912936883926,-11266.5255277851,-6320.031627192946
447,-97386263721.74072,-588357543701.6156,-352988448481.77545,11387.002726401915,-10616.978657553962,4884.344172132894
448,-523417963470.2025,-381528654377.7406,544764349035.618,4942.706512311239,-14940.741847931853,-2317.369182744351
449,-101006929537.98917,-148955101764.8922,84365080406.09113,-30926.151437420263,17708.78728446551,3775.8979470315094
450,921981022029.0266,358161884978.9112,-28007680162.433308,5937.207801514774,-13944.16897586545,1833.42107055213
451,215482872053.06046,-139732379583.62186,376827999963.9407,-13416.318401091152,-8028.898695856635,13936.767463557115
452,295651789079.8081,44892590839.50639,249943457269.36633,-8637.348610503916,18956.28131058454,13061.543798941973
453,380680892012.2267,244078453837.32037,-7160570833.481903,7604.887622862387,2779.4342548941786,19818.476466227243
454,-175597749059.24335,681782837960.8193,-48370784610.54136,13967.121013908978,4950.884548718759,8105.111460858027
455,285347064328.8445,152818883376.976,14627036251.876656,-6284.0361138962435,25880.710934277515,4236.839300843588
456,-494753277513.846,534430379382.5945,-191399131005.9834,-6887.329209118789,-3166.5088649259455,12779.390912905124
457,843390144693.4824,-455067007265.3367,-618851652616.2769,-8549.314277830264,-11124.8078130146,-2509.65470567384
458,542247024351.01575,627398956771.7471,251444391597.18866,-11470.494424962737,11636.095863238612,-621.1166487874552
459,-306587117788.33044,132777894638.2814,30773207831.435616,4232.59320477414,23528.48452404672,10972.288506353758
460,-182732714416.72934,-173182305734.05515,-28707419708.342663,18326.80943931872,-25155.442810571498,-3229.3564088319818
461,-425685446806.1022,-274629954441.2738,-54675204582.18762,5258.556413926776,-18409.44844081226,-43.167799169566024
462,-1462874410878.1028,85690509463.01648,187341546348.0637,1342.7300553244247,1429.116209380953,11006.609102315244
463,-196654638852.7986,-29123684062.314846,-627604709280.6552,-15302.690624793364,-9046.028718228607,4439.039098103705
464,-247559884918.4769,-151816777623.37726,692119276167.4939,11913.046983996037,-12053.423627272103,2751.430707057665
465,98501401423.58476,-138917732947.51453,368758125584.8745,24092.730045005977,-2351.1228760475033,-4697.885858465745
466,1134973938416.505,-145419841135.14017,124044500875.68207,-1990.5339929197012,-11108.780058738981,7872.452996965408
467,205675402191.03003,-369795021818.73364,-58387692137.47114,-17093.949554488572,-13323.446086804966,-210.8482595279719
468,-5333275510.805403,99210788197.03687,238275826915.87415,-22158.18983126253,-19576.55219986699,6783.622986881135
469,377020339254.28876,434214882565.1278,-17372317045.887375,-10389.600944987604,12416.545757457438,-9125.81568825748
470,210323067974.74353,-162502262618.10223,226523833550.50336,17725.3756593922,-9221.092339880372,-15458.103997445416
471,-1275393845998.7705,2572604213249.3745,-1089104299317.9475,-6166.759655644127,-3359.642331233679,-1994.2164811354937
472,-1079169111265.35,892524701730.7666,501705387733.57623,5876.419956442877,-268.39612302039086,8165.451100351903
473,-297354343247.3984,-10514956188.064539,402553454921.6427,14977.096157230435,-10514.820320465216,10380.184116640432
474,-564816608594.161,-343838539389.9183,133015737774.61543,9448.62519491816,-14947.781401212023,851.7821389727758
475,544189129574.19653,687916724471.7809,48179380257.93173,12096.655436171033,-9600.568313078538,-1563.2763963001692
476,-2065005376083.0935,1414396036033.1255,-476160833924.42554,306.83974062566017,3804.223937803466,6968.691320458529
477,-353125412051.5356,-238288957763.14603,-31266142692.689903,12265.34376077676,-19596.611445174818,5953.832593932243
478,400479466216.7392,-355874587583.49915,-471422850635.6122,-6425.400203592748,-13199.803052996118,3780.94510799589
479,-1797466642981.7412,-502923916235.31604,106746747851.85316,2149.6113422228277,-9575.237070193294,21.04627817199666
480,-1720942357462.7197,447144229493.0553,-358974781645.834,4643.129567013677,8801.789968473295,-1747.9633128420664
481,-235851443397.2356,-404712370214.18024,376521160019.5451,-17564.41371398509,1380.8409600176496,-5497.218293376663
482,-166441642858.79227,-494812348395.2172,-63479117037.890396,328.2373409504705,-4824.491463690947,20128.5664046524
483,76577312953.7791,-230131247425.8462,-364106115713.85205,14861.378559541488,13542.670126132352,-7617.0319936141095
484,143115587796.4527,-342595053542.30554,426461330179.7784,-14055.941172396815,8894.824154740629,5778.048309174154
485,291576634269.6295,-557424012429.6073,40516584768.13671,16278.963676124022,2624.5963071817514,-2466.9022013971507
486,61003057188.105865,293240367945.347,25164180499.820797,-28350.281753281874,6110.2108067793,2599.618332882083
487,-42833184499.21431,-497489342567.761,-574814148572.219,-9785.720460003835,9473.704181898771,-8494.15533668095
488,484741709198.44885,152836641050.14496,-223430353585.33493,-7511.646636607467,8203.717625699654,-14213.472429267804
489,5754204811.350456,-176736922934.74957,314626119597.5501,-6720.736441296396,18241.790057258906,14984.432187954048
490,308999345621.13385,221732411675.80054,-1705971584.7220592,15994.722889009303,-17199.21522294739,2139.4838251389715
491,267885024171.87186,-98069757959.8906,14218653520.155638,-5171.978872367527,-26521.15594794267,6633.882042460425
492,74066285372.01056,481424139535.2689,-41099718264.75404,-20430.828391162515,3027.05920098745,983.1340218042611
493,816105487502.3689,-1040176839326.2186,741186182184.7095,-5223.249480023566,2038.8113353491397,10066.676304378117
494,756608576258.5228,296328846426.4517,-291953326192.2309,-5307.311255257266,12473.277675896223,-6421.679162455057
495,39059189551.99417,85156038423.08723,-276619205377.0236,-24822.427806584896,-9743.355448389966,-7308.680667984203
496,608160121480.6763,418449256079.75134,12503280032.035568,-7942.978231838923,13596.620109114487,-4772.49317992463
497,471394971538.56006,863230504073.3918,533419123645.99927,1604.6843716568665,5957.727283305216,-10401.645316496872
498,-385103243807.7659,215266447142.9252,-215923342241.6739,613.6957581495631,14799.726577399635,13596.56719116306
499,-99645172821.98439,102109600566.07645,205304314975.76953,-10427.304750918043,24940.929536865002,-17224.131611236353
500,483657771322.60724,-636262090322.9257,106748543883.4245,-12532.053412282312,-9445.475183446908,-325.1968689263191
501,-448519257665.13165,683871110249.7823,-594480149043.7946,-8748.054425846954,-9267.538475149755,-3836.937694634013
502,-653582839719.8922,91734597068.63446,-56232577994.848724,1500.6726120683206,1656.6445655897337,16790.98532134902
503,-409025842534.684,229194672789.99786,-163442708245.4535,-9184.648105501192,-17075.54679198986,-3614.774904752206
504,-284599773337.99335,-24775020834.495842,236573440853.7272,-9851.67749267276,-19102.022724337887,-13009.596887316904
505,325633404682.78815,-143718522985.48065,-617777400575.8837,473.8916313590007,-13328.004410611553,5911.005905704264
